model,accuracy,roc_auc,mn_log_loss
rand_forest,0.582089552238806,0.5688445317044795,0.9961950058174457
xgboost,0.564179104477612,0.5716441244909832,1.2963901244238774
